﻿<?xml version="1.0" encoding="utf-8"?>
<history>
  <history>
    <sale operator="Hynek" time="10/03/2013 23:06:38">
      <sale name="Birds Eye Premium 4 Beef Quarter Pounders 454G" price="7.25" quantity="1" />
      <sale name="Felix Fish Variety Pack 6 X 400G" price="1.57" quantity="1" />
      <sale name="L oreal Kids Tangle Tamer 150Ml" price="1.33" quantity="2" />
      <sale name="Head And Shoulders Menthol Shampoo 500Ml" price="0.998" quantity="1" />
      <sale name="UNAVAILABLE: Tesco Finest Super Seeded Bread 800G" price="0" quantity="1" />
      <sale name="Surf Small And Mighty Tropical 28W 1 Litre" price="3" quantity="1" />
      <sale name="Nizoral Anti-Dandruff Shampoo 60Ml" price="10.14" quantity="1" />
      <sale name="Tesco Blush Pears Min 5 Fruit" price="0.39" quantity="3" />
      <sale name="Calgon Powder 600G" price="7.17" quantity="1" />
      <sale name="Head And Shoulders Citrus Fresh 2 In 1 450Ml" price="1.11" quantity="1" />
      <sale name="Tesco Conference Pears 5 Pack" price="0.39" quantity="1" />
      <sale name="Batch Pasta  N  Sauce Cheese And Broccoli 123G" price="7.73" quantity="1" />
      <sale name="Pot Noodle Chow Mein 90G" price="11.12" quantity="1" />
      <sale name="Sunsip Apple High Juice 1 Litre" price="0.109" quantity="1" />
      <tender total="54.417" />
    </sale>
  </history>
  <history>
    <sale operator="Hynek" time="11/03/2013 02:30:38">
      <sale name="Wash And Go Menthol Fresh Shampoo 200Ml" price="0.5" quantity="2" />
      <sale name="Dr Beckmann Service-It Deep Clean" price="13.2" quantity="3" />
      <sale name="King Pot Noodle Chicken And Mushroom 114G" price="11.93" quantity="3" />
      <sale name="Tesco Ambience Liquid Pretty In Pink 630 Ml" price="0.46" quantity="1" />
      <sale name="Tesco Loves Baby Esy Fit Sze 6 Extra Large Carry Pack 18" price="0.197" quantity="3" />
      <sale name="Pampers Baby Dry Size 5  Jnr  Carry Pack 25" price="0.26" quantity="1" />
      <sale name="Robinsons Fruit And Barley Tropical 1L" price="0.1" quantity="2" />
      <sale name="Dolmio Pasta Vita Tomato And Basil 300G" price="6.64" quantity="2" />
      <sale name="Weight Watchers Wholemeal Thick 400G" price="0.233" quantity="1" />
      <sale name="Tesco Cutlery Tray Cream" price="2" quantity="5" />
      <sale name="Head And Shoulders Classic Clean Shampoo 250Ml" price="1.2" quantity="1" />
      <sale name="Go Cat For Indoor Cats Chicken And Vegetable 950G" price="3.15" quantity="9" />
      <sale name="Uncle Bens Rice Time Medium Curry 300G" price="6.64" quantity="5" />
      <tender total="164.164" />
    </sale>
  </history>
  <history>
    <sale operator="Vilem" time="11/03/2013 15:27:38">
      <sale name="King Pot Noodle Beef And Tomato 114G" price="11.93" quantity="1" />
      <sale name="Hovis Nimble Wholemeal Sliced Loaf 400G" price="0.188" quantity="1" />
      <sale name="Pampers Baby Dry Size 6 Exlge Carry Pack 21" price="0.309" quantity="1" />
      <sale name="Tesco Laundry Gel Bio 630Ml" price="3.58" quantity="5" />
      <sale name="Tesco Breaded Chicken Nuggets 450G" price="4.45" quantity="3" />
      <sale name="Tesco Jazz Apples Min 6 Fruit" price="0.35" quantity="5" />
      <sale name="Head And Shoulders Colour Care Shampoo 250Ml" price="1.2" quantity="1" />
      <tender total="46.627" />
    </sale>
  </history>
  <history>
    <sale operator="Hynek" time="11/03/2013 09:16:38">
      <sale name="Dylon Fabric Colour Set Black" price="5" quantity="1" />
      <sale name="Tesco Orchard ion Royal Gala Apples Min 4Pack" price="0.5" quantity="1" />
      <sale name="Tesco 4 Hot And Spicy Chicken 380G" price="5.27" quantity="9" />
      <sale name="Campbell s Chicken And Mushroom Pasta   Sauce120g" price="7.92" quantity="3" />
      <sale name="Heinz Ravioli In Tomato Sauce 410G" price="2.32" quantity="1" />
      <sale name="Ariel Excel Gel Bio 24 Wash 888Ml" price="9.21" quantity="5" />
      <sale name="L oreal Kids 2 In 1 Shampoo Strawberry 250Ml" price="0.796" quantity="1" />
      <sale name="Uncle Bens Rice Time Mexican Chilli 300G" price="6.64" quantity="2" />
      <tender total="139.136" />
    </sale>
  </history>
  <history>
    <sale operator="Hynek" time="11/03/2013 13:10:38">
      <sale name="Sunsip Orange High Juice 1 Litre" price="0.109" quantity="1" />
      <sale name="Ecover Laundry Gel Nonbio 630Ml" price="0.556" quantity="1" />
      <sale name="Birds Eye 2 Sticky And Sweet Barbeque Chicken Chargrills 174G" price="9.72" quantity="3" />
      <sale name="Dr Beckmann Service-It Deep Clean" price="13.2" quantity="2" />
      <sale name="Tesco Stmp11 Stand Mixer" price="19.5" quantity="9" />
      <sale name="Tesco Dish Drainer Cream" price="2" quantity="1" />
      <sale name="Belvoir Raspberry   Lemon Cordial 500Ml" price="0.578" quantity="1" />
      <sale name="Head And Shoulders Dry Scalp Shampoo 500Ml" price="0.998" quantity="1" />
      <tender total="235.301" />
    </sale>
  </history>
  <history>
    <sale operator="Jarmila" time="11/03/2013 16:07:38">
      <sale name="Persil Small And Mighty Bio 1890Ml" price="5.56" quantity="1" />
      <tender total="5.56" />
    </sale>
  </history>
  <history>
    <sale operator="Jarmila" time="11/03/2013 06:16:38">
      <sale name="Pot Noodle Spicy Curry 90G" price="11.12" quantity="1" />
      <sale name="Tesco Cutlery Drainer Cream" price="2" quantity="2" />
      <sale name="Tesco Loves Baby Ultra Soft New Born Pack 25" price="0.103" quantity="3" />
      <sale name="Tesco Southern Fried Chicken Combo Wings 750G" price="4" quantity="2" />
      <tender total="23.429" />
    </sale>
  </history>
  <history>
    <sale operator="Vilem" time="11/03/2013 00:04:38">
      <sale name="Tesco High Juice Orange Mandarin And Lemon Squash 1L" price="0.149" quantity="9" />
      <tender total="1.341" />
    </sale>
  </history>
  <history>
    <sale operator="Hynek" time="11/03/2013 01:21:38">
      <sale name="Huggies Drynites Pyjama Pants X9 Girl 8-15 Years" price="0.654" quantity="1" />
      <sale name="Tesco Everyday Value Ravioli In Tomato Sauce 400G" price="0.875" quantity="5" />
      <sale name="Heinz Spaghetti Bolognese 400G" price="2.38" quantity="1" />
      <sale name="Capri Sun Orange 10X200ml" price="0.149" quantity="1" />
      <sale name="Tefal Fresh Express" price="49.5" quantity="1" />
      <sale name="Birds Eye 2 Hot And Spicy Chicken 180G" price="9.39" quantity="1" />
      <sale name="Ariel Liquitabs Bio 11 S" price="0.391" quantity="1" />
      <sale name="Coke Zero 2 Litre" price="0.099" quantity="1" />
      <tender total="66.938000000000017" />
    </sale>
  </history>
  <history>
    <sale operator="Vilem" time="11/03/2013 06:29:38">
      <sale name="Campbell s Cheese And Broccoli Pasta   Sauce120g" price="7.92" quantity="3" />
      <sale name="Kingsmill 50 50 Medium 800G" price="0.169" quantity="1" />
      <tender total="23.929" />
    </sale>
  </history>
  <history>
    <sale operator="Hynek" time="11/03/2013 04:31:38">
      <sale name="Persil Small And Mighty Colour 1890Ml" price="5.56" quantity="2" />
      <sale name="Coca Cola Zero 1.5 Litre" price="0.112" quantity="1" />
      <sale name="Warburtons Seeded Batch 800G" price="0.188" quantity="3" />
      <sale name="Pampers Active Fit Size 5  Jnr  Economy Pack 42" price="0.238" quantity="1" />
      <sale name="Tesco Xero Cola 2 Litre" price="0.029" quantity="5" />
      <tender total="12.178999999999999" />
    </sale>
  </history>
  <history>
    <sale operator="Vilem" time="11/03/2013 02:22:38">
      <tender total="0" />
    </sale>
  </history>
  <history>
    <sale operator="Vilem" time="11/03/2013 05:51:38">
      <sale name="Whiskas In Jelly Salmon 390G" price="1.52" quantity="1" />
      <sale name="Pampers Baby Dry Size 5  Jnr  Economy Pack 41" price="0.244" quantity="1" />
      <sale name="Purina One Cat Light 800G" price="5" quantity="1" />
      <sale name="Tesco High Juice Orange Squash No Added Sugar 1L" price="0.149" quantity="1" />
      <sale name="Tesco Ambience Liquid Forget Me Not 630 Ml" price="4.61" quantity="1" />
      <sale name="Tesco Granny Smith Apples Loose" price="1.95" quantity="1" />
      <sale name="Whiskas Adult Mixed ion In Jelly 6 X 390G" price="1.56" quantity="1" />
      <sale name="Birds Eye 2 Crispy Chicken 170G" price="9.95" quantity="1" />
      <tender total="24.982999999999997" />
    </sale>
  </history>
  <history>
    <sale operator="Hynek" time="10/03/2013 20:51:38">
      <sale name="Dr Beckmann Glo White 3 Sachets" price="0.4" quantity="1" />
      <sale name="Tesco Catcuts In Jelly ion 12Pack 12X400g" price="1.1" quantity="1" />
      <sale name="Pampers Baby Dry Size 4 Maxi Jumbo Pack 78" price="0.167" quantity="3" />
      <sale name="Pepsi Max Cherry 2L" price="0.05" quantity="1" />
      <sale name="Huggies Drynites Pyjama Pants X10 Boy 4-7 Years" price="0.589" quantity="5" />
      <sale name="Dylon Fabric Colour Set Black" price="5" quantity="1" />
      <sale name="Pampers Baby Dry Size 4 Maxi Economy Pack 52" price="0.192" quantity="2" />
      <sale name="Tesco 4 Hot And Spicy Chicken 380G" price="5.27" quantity="1" />
      <sale name="Head And Shoulders Itchy Scalp Conditioner200ml" price="1.5" quantity="2" />
      <sale name="Wash And Go Universal Shampoo 200Ml" price="0.5" quantity="2" />
      <tender total="19.65" />
    </sale>
  </history>
  <history>
    <sale operator="Jarmila" time="11/03/2013 19:23:38">
      <sale name="7Up Cherry 6Pk Cans" price="0.532" quantity="3" />
      <sale name="Whiskas Adult Jelly ion 12 X 390G" price="1.45" quantity="1" />
      <sale name="Dri Pak Soda Crystals 1Kg" price="1" quantity="1" />
      <sale name="Head And Shoulders Anti Hairloss 2 In 1 450Ml" price="1.11" quantity="1" />
      <sale name="Pampers New Baby Size 2 Mini Jumbo Pack 80" price="0.136" quantity="1" />
      <sale name="Tesco Jkl11c 3Kw Cream Ss Kettle" price="24.5" quantity="3" />
      <sale name="Tesco High Juice Orange Squash 1L" price="0.149" quantity="1" />
      <sale name="Pepsi Max 24X250ml" price="0.083" quantity="1" />
      <sale name="Tesco 4 Hot And Spicy Chicken 380G" price="5.27" quantity="1" />
      <sale name="Tesco Kanzi Apples Min 4 Fruit" price="0.375" quantity="9" />
      <sale name="Tresemme 2 In 1 900Ml" price="0.521" quantity="1" />
      <sale name="De.Solv.It Stain Remover 100Ml" price="20" quantity="1" />
      <tender total="108.19" />
    </sale>
  </history>
  <history>
    <sale operator="Jarmila" time="11/03/2013 11:55:38">
      <sale name="Herbal Essences Dazzling Shine 2 In 1 200Ml" price="1.13" quantity="1" />
      <sale name="L oreal Kids Conditioner So Strawberry 250Ml" price="0.796" quantity="1" />
      <sale name="Tesco Laundry Gel Orange 630Ml" price="3.58" quantity="2" />
      <sale name="Tesco 4 Crispy Chicken 380G" price="5.27" quantity="1" />
      <sale name="Batch Pasta  N  Sauce Cheese Leek And Ham 120G" price="7.92" quantity="3" />
      <sale name="Pantene Anti Dandruff Shampoo 500Ml" price="0.898" quantity="1" />
      <sale name="Tesco Finest Plain Ciabatta" price="1.5" quantity="5" />
      <sale name="Pepsi Max 2 Litre Bottle" price="0.05" quantity="1" />
      <sale name="Tesco Cola 2 Litre Bottle" price="0.029" quantity="1" />
      <sale name="T Protect Darker For Longer Darks Wash 500Ml" price="4" quantity="5" />
      <sale name="Sunsip Cola 2Ltr" price="0.02" quantity="1" />
      <sale name="Head And Shoulders Active Sport Shampoo 500Ml" price="0.998" quantity="1" />
      <sale name="Birds Eye Premium 4 Beef Quarter Pounders 454G" price="7.25" quantity="3" />
      <sale name="Bernard Matthews 15 Mini Kievs 340G" price="5.89" quantity="1" />
      <tender total="95.251" />
    </sale>
  </history>
  <history>
    <sale operator="Hynek" time="10/03/2013 16:52:38">
      <sale name="Tesco Finest Sunflower And Honey Bloomer 400G" price="0.313" quantity="1" />
      <sale name="Tesco Organic ed Pears Min 5 Pack" price="0.4" quantity="9" />
      <sale name="Burgen Soya And Linseed Bread 800G" price="0.188" quantity="3" />
      <tender total="4.477" />
    </sale>
  </history>
  <history>
    <sale operator="Jarmila" time="12/03/2013 00:01:38">
      <sale name="Hovis 7 Seeds Wholemeal 800G" price="0.186" quantity="2" />
      <sale name="Tesco Wheatfield Multigrain Batch Bread 800G" price="0.111" quantity="1" />
      <tender total="0.483" />
    </sale>
  </history>
  <history>
    <sale operator="Vilem" time="11/03/2013 00:30:38">
      <sale name="Tesco Organic Braeburn Apples Min 5 Pack" price="0.417" quantity="1" />
      <sale name="Go Cat Rabbit Turkey And Vegetable 950G" price="2.32" quantity="1" />
      <sale name="Tesco Everyday Value Vhm10 Handmixer" price="5.5" quantity="1" />
      <sale name="Pampers Active Fit Size 5 Junior Jumbo Pack 62" price="0.21" quantity="2" />
      <sale name="Tesco Breaded Chicken Nuggets 450G" price="4.45" quantity="3" />
      <sale name="Tesco Everyday Value 2 Chicken Kievs 250G" price="3.52" quantity="5" />
      <sale name="Hovis Soft White Thick 800G" price="0.169" quantity="1" />
      <sale name="Warburtons Wholemeal Bread Medium Sliced 400G" price="0.2" quantity="1" />
      <sale name="Batchelors Pasta  N  Sauce Macaroni Cheese 108G" price="8.8" quantity="2" />
      <sale name="Pampers Simply Dry Size4  Maxi  Economy Pack 47" price="0.181" quantity="1" />
      <sale name="Tesco Golden Delicious Apples Min 5 Fruit" price="0.32" quantity="5" />
      <sale name="Heinz Red Pepper And Mushroom Sauce Penne 250G" price="5.4" quantity="1" />
      <sale name="Capri Sun Apple 10 X 200Ml" price="0.149" quantity="1" />
      <sale name="Elvive Vitamax Multi-Vitamins 2 In 1 400Ml" price="0.998" quantity="3" />
      <tender total="67.9" />
    </sale>
  </history>
  <history>
    <sale operator="Jarmila" time="11/03/2013 21:22:38">
      <sale name="Iams Cat Food Adult Ocean Fish 1Kg" price="5.39" quantity="1" />
      <sale name="Dr Beckmann Glo White 3 Sachets" price="0.4" quantity="1" />
      <sale name="Tesco 2Tss11 2 Slice Ss" price="15" quantity="1" />
      <sale name="Tesco Loves Baby Esy Fit Sze 6 Extra Large Carry Pack 18" price="0.197" quantity="1" />
      <sale name="Polish Half Wheat Half Rye 800G" price="0.125" quantity="3" />
      <sale name="Huggies Drynites Pyjama Pants X9 Boy 8-15 Years" price="0.654" quantity="2" />
      <tender total="22.669999999999998" />
    </sale>
  </history>
  <history>
    <sale operator="Vilem" time="11/03/2013 07:49:38">
      <tender total="0" />
    </sale>
  </history>
  <history>
    <sale operator="Jarmila" time="10/03/2013 22:10:38">
      <tender total="0" />
    </sale>
  </history>
  <history>
    <sale operator="Vilem" time="10/03/2013 19:11:38">
      <sale name="Tesco Finest Half Ciabatta 2 Pack" price="0.85" quantity="2" />
      <sale name="Tesco Laundry Gel Colour 630Ml" price="3.58" quantity="1" />
      <sale name="Tesco Cutlery Tray Cream" price="2" quantity="1" />
      <sale name="Minky Smart Fit Ironing Board Cover" price="5.98" quantity="1" />
      <sale name="Calypso Glee Strawberry   Blackberry Flavoured Water 4X350 Ml" price="0.149" quantity="3" />
      <sale name="Vanish In Wash Liquid 1 Litre" price="2.4" quantity="1" />
      <sale name="Diet Coke 24 X 330Ml Pack" price="0.088" quantity="2" />
      <sale name="China Wok Crispy Duck 270G" price="7.41" quantity="1" />
      <sale name="Tesco Finest Rye Cob 600G" price="0.233" quantity="1" />
      <tender total="23.926" />
    </sale>
  </history>
  <history>
    <sale operator="Vilem" time="11/03/2013 04:24:38">
      <sale name="Huggies Pull-Ups Size 6 Girl Economy X22" price="0.391" quantity="1" />
      <sale name="Pampers Easy Ups Carry Packs Extra Large 19" price="0.342" quantity="1" />
      <sale name="Persil Small And Mighty Non Bio 18W 630Ml" price="4.77" quantity="9" />
      <sale name="Sunsip Diet Cola 2Ltr" price="0.02" quantity="2" />
      <tender total="43.702999999999989" />
    </sale>
  </history>
  <history>
    <sale operator="Jarmila" time="11/03/2013 02:25:38">
      <sale name="Uncle Bens Rice Time Medium Curry 300G" price="6.64" quantity="3" />
      <sale name="Tresemme 2 In 1 900Ml" price="0.521" quantity="9" />
      <sale name="Tesco Ambience Lavender Liquid 630Ml" price="4.61" quantity="1" />
      <tender total="29.218999999999998" />
    </sale>
  </history>
  <history>
    <sale operator="Jarmila" time="11/03/2013 18:06:38">
      <sale name="Whiskas Adult Chicken Vegetable And Meaty Nuggets 2Kg" price="1.75" quantity="2" />
      <sale name="Tesco Pink Lady Apples 4 Pack" price="0.563" quantity="2" />
      <sale name="Pampers Baby Dry Size 4  Maxi  Economy Pack 48" price="0.208" quantity="9" />
      <sale name="Bold Liquitabs Rose Blush And Peony 20S" price="0.2" quantity="3" />
      <sale name="Pampers Simply Dry Size4  Maxi  Carry Pack 24" price="0.208" quantity="2" />
      <sale name="Persil Small And Mighty Bio 28W 1Litre" price="5" quantity="5" />
      <sale name="Birds Eye 2 Southern Fried Chicken 180G" price="9.39" quantity="1" />
      <sale name="L oreal Kids Conditioner So Strawberry 250Ml" price="0.796" quantity="1" />
      <tender total="42.699999999999996" />
    </sale>
  </history>
  <history>
    <sale operator="Vilem" time="10/03/2013 19:08:38">
      <sale name="Birds Eye Premium 4 Beef Quarter Pounders 454G" price="7.25" quantity="2" />
      <tender total="14.5" />
    </sale>
  </history>
  <history>
    <sale operator="Jarmila" time="11/03/2013 04:42:38">
      <sale name="Tesco Loves Baby Ultra Soft New Born Pack 25" price="0.103" quantity="9" />
      <tender total="0.92699999999999994" />
    </sale>
  </history>
  <history>
    <sale operator="Vilem" time="12/03/2013 02:03:38">
      <sale name="Huggies Pull Ups Size 5 Girl Night Time 12" price="0.457" quantity="1" />
      <sale name="Batchelors Deli Box Curry Noodles 75G" price="15.87" quantity="1" />
      <sale name="Tesco Ready To Eat Avocados Twin Pack" price="1" quantity="1" />
      <sale name="Persil Silk And Wool 750Ml" price="4.67" quantity="1" />
      <sale name="Bold Liquitabs Rose Blush And Peony 20S" price="0.2" quantity="2" />
      <tender total="22.397" />
    </sale>
  </history>
  <history>
    <sale operator="Jarmila" time="12/03/2013 02:04:38">
      <sale name="Tesco Rhubarb 400G" price="7.5" quantity="1" />
      <sale name="T Protect Denim For Longer Denim Wash 500Ml" price="4" quantity="1" />
      <sale name="Breville Vin225 Iron" price="15" quantity="1" />
      <sale name="Tesco Cutlery Drainer Platinum" price="2" quantity="3" />
      <sale name="Pampers Active Fit Size 5 Junior Economy Pack 44" price="0.227" quantity="1" />
      <sale name="Ariel Excel Gel With Febreze 24 Wash 888Ml" price="9.21" quantity="5" />
      <sale name="Tesco Circus Lap Tray" price="8.5" quantity="5" />
      <sale name="Tesco Dish Drainer Platinum" price="2" quantity="5" />
      <sale name="Tesco Goodness Apple And Grapes Snack Pack 80G" price="6.25" quantity="1" />
      <tender total="137.527" />
    </sale>
  </history>
  <history>
    <sale operator="Vilem" time="10/03/2013 19:00:38">
      <sale name="Tesco Ciabatta Bread" price="1.3" quantity="2" />
      <sale name="Purina One Cat Adult Salmon And Rice 3Kg" price="3.34" quantity="1" />
      <sale name="Uncle Bens Rice Time Spicy Tikka Masala 300G" price="6.64" quantity="3" />
      <sale name="Ariel Stain Remover White Powder 920G" price="0.933" quantity="5" />
      <sale name="Belvoir Raspberry   Lemon Cordial 500Ml" price="0.578" quantity="1" />
      <tender total="31.102999999999998" />
    </sale>
  </history>
  <history>
    <sale operator="Hynek" time="11/03/2013 15:11:38">
      <sale name="Vanish Stain Stick 75G" price="26.67" quantity="1" />
      <sale name="Birds Eye 24 Crispy Chicken Dippers 440G" price="4.55" quantity="1" />
      <sale name="Tesco Gala Apples Loose" price="1.9" quantity="1" />
      <sale name="Tesco Cox Apples Min 6 Pack" price="0.275" quantity="2" />
      <sale name="Tesco Everyday Value Bio Concentrated Ldd Wash 1Litre" price="1.6" quantity="9" />
      <sale name="Tesco Southern Fried Chicken Combo Wings 750G" price="4" quantity="1" />
      <sale name="Tesco Organic Goodness Bananas Pack" price="0.25" quantity="2" />
      <sale name="T Protect Denim For Longer Denim Wash 500Ml" price="4" quantity="1" />
      <sale name="Persil Small And Mighty Bio 28W 1Litre" price="5" quantity="1" />
      <sale name="Pampers New Baby Size 2 Mini Jumbo Pack 80" price="0.136" quantity="1" />
      <sale name="Tesco 4 Breaded Chicken 380G" price="5.27" quantity="9" />
      <sale name="Pampers New Baby Size 2 Mini Economy Pack 58" price="0.161" quantity="1" />
      <sale name="Tesco Kids Single Reverisble Duvet Set Blue" price="10" quantity="3" />
      <sale name="Kitekat Fish Megamix In Jelly 6X400g" price="1.25" quantity="1" />
      <tender total="140.547" />
    </sale>
  </history>
  <history>
    <sale operator="Jarmila" time="11/03/2013 21:26:38">
      <sale name="Head And Shoulders Classic Clean Shampoo 500Ml" price="0.998" quantity="2" />
      <sale name="Tesco Rhubarb 400G" price="7.5" quantity="1" />
      <sale name="Huggies Pull Ups Size 6 Boy Carry Pack 12" price="0.457" quantity="2" />
      <sale name="Daisy Bio Superconcentate 28Wash 980Ml" price="2.44" quantity="1" />
      <sale name="Tesco Breaded Chicken Nuggets 450G" price="4.45" quantity="5" />
      <sale name="Tesco Cat Cutsin Gravy ion 6Pack 6X400g" price="1.17" quantity="1" />
      <sale name="Head And Shoulders Classic Clean Conditioner200ml" price="1.5" quantity="1" />
      <sale name="Minky Smart Fit Ironing Board Cover" price="5.98" quantity="1" />
      <sale name="Tesco Perfectly Ripe Conference Pears 4 Pack" price="2.05" quantity="9" />
      <sale name="Pampers Baby Dry Size 5 Junior Economy Pack 45" price="0.222" quantity="1" />
      <sale name="Wheatfield Wholemeal Batch 800G" price="0.106" quantity="3" />
      <sale name="Big Al s 4 Southern Fried Chicken 380G" price="5.27" quantity="2" />
      <sale name="Persil 2In1small And Mighty 875Ml Sunshiny Days" price="5.72" quantity="1" />
      <tender total="79" />
    </sale>
  </history>
  <history>
    <sale operator="Hynek" time="11/03/2013 18:02:38">
      <sale name="Robinsons Fruit And Barley Grapefruit 1L" price="0.1" quantity="3" />
      <sale name="Vanish Stain Stop Aerosol 300Ml" price="15.67" quantity="3" />
      <sale name="Tesco Organic Ripe And Ready To Eat Pears 4 Pack" price="0.5" quantity="2" />
      <sale name="Surf Small And Mighty Oriental 28W 1 Litre" price="3" quantity="1" />
      <tender total="51.309999999999995" />
    </sale>
  </history>
  <history>
    <sale operator="Jarmila" time="11/03/2013 13:56:38">
      <sale name="Tesco Kanzi Apples Loose" price="2.5" quantity="1" />
      <sale name="Kingsmill Great Everyday Soft White Thick 800G" price="0.169" quantity="1" />
      <sale name="Tesco Newborn Nappies Carry Pack Premature 24" price="0.107" quantity="3" />
      <sale name="Vanish Oxi Action Pre Wash Spray 500Ml" price="7.96" quantity="3" />
      <sale name="Russell Hobbs 18780 Stainless 2 Slice Toaster" price="19.5" quantity="2" />
      <sale name="Head And Shoulders Sensitive Scalp Shampoo 250Ml" price="1.2" quantity="1" />
      <sale name="Birds Eye 2 Creamy Garlic And Herb Chicken Chargrills 174G" price="9.72" quantity="2" />
      <sale name="Ariel Stain Remover Blue Powder 920G" price="9.33" quantity="5" />
      <sale name="Birds Eye 4 Original Beef Burgers 227G" price="5.95" quantity="1" />
      <sale name="Kingsmill 50 50 Thick Bread 800G" price="0.169" quantity="1" />
      <sale name="Pampers New Baby Size 3 Midi Economy Pack 54" price="0.185" quantity="2" />
      <tender total="139.649" />
    </sale>
  </history>
  <history>
    <sale operator="Hynek" time="10/03/2013 19:49:38">
      <sale name="Bold 2 In 1 Gel Lavender And Camomile 24 Wash 888Ml" price="4.51" quantity="1" />
      <tender total="4.51" />
    </sale>
  </history>
  <history>
    <sale operator="Vilem" time="11/03/2013 01:47:38">
      <sale name="Tesco 4 Homebake Baguettes" price="0.475" quantity="1" />
      <tender total="0.475" />
    </sale>
  </history>
  <history>
    <sale operator="Vilem" time="11/03/2013 00:46:38">
      <sale name="Pampers Simply Dry Size4  Maxi  Economy Pack 47" price="0.181" quantity="1" />
      <sale name="Weight Watchers Thick Grained Loaf 400G" price="0.233" quantity="1" />
      <sale name="Tesco Wholemeal Thick 800G" price="0.099" quantity="1" />
      <sale name="Tesco High Juice Orange Squash No Added Sugar 1L" price="0.149" quantity="1" />
      <sale name="Tesco Cat Cutsin Gravy ion 6Pack 6X400g" price="1.17" quantity="3" />
      <sale name="Aussie Aussome Volume 2 In 1 300Ml" price="1.5" quantity="2" />
      <sale name="Tesco Finest White With Onion Cob 600G" price="0.233" quantity="1" />
      <tender total="7.4049999999999994" />
    </sale>
  </history>
  <history>
    <sale operator="Jarmila" time="11/03/2013 07:04:38">
      <sale name="Tesco Loves Baby Esy Fit Size 4 Maxi Carry Pack 22" price="0.161" quantity="9" />
      <sale name="Birds Eye 42 Crispy Chicken Dippers 770G" price="5.71" quantity="1" />
      <sale name="Tesco 4 Crispy Chicken 380G" price="5.27" quantity="1" />
      <sale name="Tesco Conference Pears 5 Pack" price="0.39" quantity="2" />
      <sale name="Sunsip Diet Cola 2Ltr" price="0.02" quantity="1" />
      <sale name="Tesco Dustpan And Brush" price="1.97" quantity="5" />
      <sale name="Capri Sun Summer Berries 10X200ml" price="0.149" quantity="1" />
      <sale name="Wash And Go 2 In 1 Sport 200Ml" price="0.5" quantity="1" />
      <sale name="Warburtons Wholemeal Bread Medium Sliced 800G" price="0.181" quantity="1" />
      <tender total="23.909" />
    </sale>
  </history>
  <history>
    <sale operator="Vilem" time="11/03/2013 19:05:38">
      <sale name="Tesco Pears Min 5 Pack" price="0.4" quantity="1" />
      <sale name="Tesco Goodness Apple And Grapes Snack Pack 80G" price="6.25" quantity="1" />
      <sale name="Pampers Active Fit Size 4  Maxi  Jumbo Pack 66" price="0.197" quantity="1" />
      <sale name="Pampers Baby Dry Size 5 Junior Carry Pack 27" price="0.24" quantity="1" />
      <sale name="Big Al s 8 Chicken Burgers 400G" price="6" quantity="1" />
      <tender total="13.087" />
    </sale>
  </history>
</history>